{
  "feature_names": [
    "cpu_frame_time",
    "gpu_frame_time",
    "fps",
    "visible_renderer_count",
    "triangle_count",
    "draw_call_count",
    "camera_speed",
    "camera_rotation_speed",
    "avg_screen_coverage",
    "previous_bias",
    "recent_lod_switch_count"
  ],
  "mean": [
    17.62669485014596,
    7.043708953856507,
    61.51556148066211,
    10199.994590446959,
    632277.6568194898,
    4301.752273163246,
    3.8672150513306374,
    44.1641132856728,
    0.007018683100352019,
    1.7856800347355077,
    1.5846153846153845
  ],
  "scale": [
    29.17800658408932,
    4.714668564049506,
    18.066119634107025,
    6440.677542308661,
    304898.8548805175,
    2258.913230494997,
    2.995582584997456,
    85.73074352861217,
    0.006765675635809405,
    0.43802447022443325,
    1.5105185363244418
  ]
}