{
  "feature_names": [
    "pos_x",
    "pos_y",
    "pos_z",
    "sin_pitch",
    "cos_pitch",
    "sin_yaw",
    "cos_yaw",
    "sin_roll",
    "cos_roll"
  ],
  "mean": [
    3.891350030899048,
    6.543214797973633,
    0.6786118149757385,
    0.0,
    0.6666666467984518,
    -2.1855694143368964e-08,
    -7.946626912058719e-09,
    0.0,
    0.9106835921605428
  ],
  "scale": [
    1.0,
    1.0,
    1.0,
    0.7071068171622199,
    0.23570227444446537,
    0.7071067811865483,
    0.7071067811865478,
    0.408248290463863,
    0.0631562376545035
  ],
  "input_dim": 9,
  "output_dim": 1
}