{
  "best_params": {
    "lr": 0.004488902552868011,
    "weight_decay": 1.1178111627800548e-05,
    "batch_size": 128,
    "h1": 256,
    "h2": 128,
    "h3": 128,
    "dropout": 0.07220516365444109,
    "huber_delta": 0.05047860972878515
  },
  "best_val_loss": 0.004221306764520705,
  "n_trials": 30
}