{
  "feature_names": [
    "cpu_frame_time",
    "gpu_frame_time",
    "fps",
    "visible_renderer_count",
    "triangle_count",
    "draw_call_count",
    "camera_speed",
    "camera_rotation_speed",
    "avg_screen_coverage",
    "previous_bias",
    "recent_lod_switch_count"
  ],
  "mean": [
    23.91349830667733,
    6.441073799766204,
    59.50226992979476,
    11447.061150727752,
    398842.68975285726,
    2977.780209045619,
    3.217757691334693,
    38.2579889471519,
    0.005751510108318678,
    0.666801797958793,
    3.3955260330174855
  ],
  "scale": [
    18.11247415127571,
    1.3255564530316468,
    48.573483880544245,
    6181.837627457839,
    161998.04494444755,
    1323.360541034046,
    3.6445881563097635,
    123.11206385036216,
    0.005945958047863244,
    0.3751890636580083,
    0.7955819131139085
  ]
}