{
  "feature_names": [
    "cpu_frame_time",
    "gpu_frame_time",
    "fps",
    "visible_renderer_count",
    "triangle_count",
    "draw_call_count",
    "camera_speed",
    "camera_rotation_speed",
    "avg_screen_coverage",
    "previous_bias",
    "recent_lod_switch_count",
    "floor_dwell_score",
    "ceiling_dwell_score"
  ],
  "mean": [
    22.384989191535478,
    6.718226474312735,
    59.20281152279764,
    9930.119832860768,
    507976.76257275033,
    3541.051186390091,
    2.5571982088801612,
    29.505171340012833,
    0.01814665958678166,
    1.0921900024958073,
    3.7389941799731385,
    0.2515031056094927,
    0.06054031784841373
  ],
  "scale": [
    12.57022215681091,
    2.285624559550324,
    26.490558667542363,
    6182.540806607385,
    249545.17433823113,
    1841.8444004907208,
    3.192214323382362,
    62.575002400133265,
    0.07388361247498428,
    0.5378068077308676,
    1.920230611740239,
    0.41677810950961264,
    0.2198622915232658
  ],
  "t_target_ms": 4.5,
  "gpu_target_ms_base": 4.5,
  "gpu_target_ms_min": 4.0,
  "gpu_target_ms_max": 6.5,
  "action_head_scale": 0.2,
  "max_action_delta": 0.2,
  "dead_zone": 0.02,
  "dwell_frames": 5,
  "bias_min": 0.3,
  "bias_max": 2.0,
  "inference_interval": 2,
  "pg_coef": 0.5,
  "bc_coef_start": 1.0,
  "bc_coef_end": 0.5,
  "scene_complexity_scale": 0.8,
  "scene_complexity_normalization": 50.0,
  "mode_headroom_margin_ms": 0.5,
  "mode_headroom_fps_floor": 48,
  "mode_budget_fps_floor": 45,
  "exploration_upward_weight": 0.4,
  "recovery_downward_weight": 0.6,
  "thrash_penalty_weight": 0.1,
  "nominal_action_regularization": 0.08,
  "exploration_action_regularization": 0.05,
  "recovery_action_regularization": 0.1
}
