{
  "mean": [
    60.55092170326798,
    10.72855356564432,
    404628.37254814815,
    3.795748962537227,
    3.422779017369615,
    10910.341511111112,
    3136.5594074074074,
    -43.950921696667535,
    0.00663147705071153,
    1.0833333333333333
  ],
  "scale": [
    26.280923550103815,
    3.385668898289644,
    254887.0023547357,
    3.114123446194955,
    14.390039972131298,
    8532.84951016038,
    2124.060627232577,
    26.28092371811232,
    0.009126493654017166,
    0.7168604389202191
  ],
  "feature_names": [
    "cpu_frame_time_ms",
    "gpu_frame_time_ms",
    "triangle_count",
    "camera_velocity",
    "camera_angular_velocity",
    "visible_renderer_count",
    "draw_call_estimate",
    "frame_headroom_ms",
    "screen_coverage",
    "lod_bias_current"
  ],
  "bias_min": 0.25,
  "bias_max": 2.0
}