{
  "feature_names": [
    "cpu_frame_time",
    "gpu_frame_time",
    "fps",
    "visible_renderer_count",
    "triangle_count",
    "draw_call_count",
    "camera_speed",
    "camera_rotation_speed",
    "avg_screen_coverage",
    "previous_bias",
    "recent_lod_switch_count",
    "floor_dwell_score",
    "ceiling_dwell_score"
  ],
  "mean": [
    17.93251910449917,
    5.956329257567428,
    64.48334515883116,
    13144.599770970512,
    614992.5820211852,
    4417.0342112797025,
    2.501598139377479,
    33.054134401693545,
    0.005017314194945575,
    1.3457782726522642,
    4.3479816776409965,
    0.16984026144632633,
    0.2507458630258656
  ],
  "scale": [
    7.230161483069828,
    1.2505210235189397,
    32.00913252295066,
    6328.438732556438,
    291118.7731730889,
    2178.9492331814586,
    3.111544034098216,
    92.4774900880952,
    0.005875030295022653,
    0.5668069641890598,
    1.3069577806395591,
    0.3621848572919721,
    0.41208587414159775
  ]
}