{
  "feature_names": [
    "pos_x",
    "pos_y",
    "pos_z",
    "sin_pitch",
    "cos_pitch",
    "sin_yaw",
    "cos_yaw",
    "sin_roll",
    "cos_roll"
  ],
  "mean": [
    3.8913397789001465,
    15.801874915361404,
    0.6786070346832276,
    0.0,
    1.0,
    -2.1855694143368964e-08,
    -7.946626912058719e-09,
    0.0,
    0.9106835921605428
  ],
  "scale": [
    47.04291625117893,
    9.228372084565533,
    47.06975205827913,
    1.0,
    1.0,
    0.7071067811865476,
    0.7071067811865476,
    0.408248290463863,
    0.06315623765450265
  ],
  "input_dim": 9,
  "output_dim": 1
}