{
  "best_params": {
    "lr": 0.0016313159836433904,
    "weight_decay": 5.5357207588733636e-05,
    "batch_size": 64,
    "h1": 256,
    "h2": 256,
    "h3": 128,
    "dropout": 0.05526732985536534,
    "huber_delta": 0.05366469226590671
  },
  "best_val_loss": 0.0007674808875890449,
  "n_trials": 30
}