{
  "mean": [
    13.74635723659639,
    3.770054661552994,
    349866.0124148148,
    3.8261654804284926,
    3.7511031120388596,
    8727.834133333334,
    2563.3854814814813,
    2.85364276303821,
    0.010823687427240119,
    1.0833333333333333
  ],
  "scale": [
    11.008536775133145,
    0.9880065983148854,
    252012.14573877203,
    3.11777248509249,
    14.86431885256129,
    7884.284028073361,
    1993.8791703008442,
    11.008536771157578,
    0.011215882007319176,
    0.7168604389202191
  ],
  "feature_names": [
    "cpu_frame_time_ms",
    "gpu_frame_time_ms",
    "triangle_count",
    "camera_velocity",
    "camera_angular_velocity",
    "visible_renderer_count",
    "draw_call_estimate",
    "frame_headroom_ms",
    "screen_coverage",
    "lod_bias_current"
  ],
  "bias_min": 0.25,
  "bias_max": 2.0
}