{
  "feature_names": [
    "cpu_frame_time",
    "gpu_frame_time",
    "fps",
    "visible_renderer_count",
    "triangle_count",
    "draw_call_count",
    "camera_speed",
    "camera_rotation_speed",
    "avg_screen_coverage",
    "previous_bias",
    "recent_lod_switch_count",
    "floor_dwell_score",
    "ceiling_dwell_score"
  ],
  "mean": [
    16.880761538656998,
    5.465078404848497,
    63.980123769298984,
    8047.551716738198,
    390090.3619456366,
    2547.223462088698,
    1.771759091824456,
    18.567397247696128,
    0.04928231885688275,
    1.043217697053167,
    1.0126609442060086,
    0.1039389914534263,
    0.049097975684878406
  ],
  "scale": [
    5.453178782834746,
    1.2917854083945601,
    19.73213991271664,
    7251.645292654125,
    189589.62387838663,
    1756.285939254297,
    2.877581065344096,
    54.84876981644323,
    0.13258933353609076,
    0.4326417983533919,
    0.4344564799456634,
    0.2898392098588155,
    0.20960475339078483
  ],
  "t_target_ms": 5.0,
  "action_head_scale": 0.2,
  "max_action_delta": 0.2,
  "pg_coef": 1.1,
  "bc_coef_start": 0.3,
  "bc_coef_end": 0.15,
  "gpu_target_ms_base": 5.0,
  "gpu_target_ms_min": 4.0,
  "gpu_target_ms_max": 6.5,
  "scene_complexity_scale": 0.8,
  "scene_complexity_normalization": 50.0,
  "mode_headroom_margin_ms": 0.5,
  "mode_headroom_fps_floor": 48,
  "mode_budget_fps_floor": 45,
  "exploration_upward_weight": 0.4,
  "recovery_downward_weight": 0.6,
  "thrash_penalty_weight": 0.1,
  "nominal_action_regularization": 0.08,
  "exploration_action_regularization": 0.05,
  "recovery_action_regularization": 0.1,
  "target_source": "json_training",
  "training_target_source": "reward_target_ms_median",
  "collection_mode": "active_rl",
  "dead_zone": 0.02,
  "dwell_frames": 5,
  "bias_min": 0.3,
  "bias_max": 2.0,
  "inference_interval": 2,
  "coverage_sample_interval": 2,
  "lod_switch_window": 30,
  "floor_margin": 0.18,
  "ceiling_margin": 0.18,
  "dwell_accumulation_rate": 0.3,
  "dwell_decay": 0.92,
  "recovery_eligible_bias": 0.85,
  "correction_eligible_bias": 1.45,
  "recovery_growth_threshold": 0.02,
  "recovery_trigger_frames": 5,
  "recovery_force_multiplier": 1.35,
  "recovery_force_max": 4.0,
  "recovery_boost_base": 0.02,
  "recovery_budget_reset_margin": 0.1,
  "scene_target_warmup_frames": 64,
  "dwell_seconds": 0.5,
  "ema_alpha": 0.2
}
