{
  "feature_names": [
    "cpu_frame_time",
    "gpu_frame_time",
    "fps",
    "visible_renderer_count",
    "triangle_count",
    "draw_call_count",
    "camera_speed",
    "camera_rotation_speed",
    "avg_screen_coverage",
    "previous_bias",
    "recent_lod_switch_count",
    "floor_dwell_score",
    "ceiling_dwell_score"
  ],
  "mean": [
    20.23498043387077,
    6.351433958535354,
    62.163191553509,
    10993.070987433957,
    544831.8454055404,
    3809.5920319862917,
    3.2621783438151355,
    30.95640730364832,
    0.007019244994065496,
    1.2254810464953705,
    3.64984649435956,
    0.3190196147026156,
    0.424816676505714
  ],
  "scale": [
    16.3409911079675,
    1.547975443729181,
    36.88598650776507,
    6369.194592664172,
    283266.89687738195,
    2066.535808923326,
    3.425932548738732,
    91.52164225284544,
    0.011750843414318694,
    0.738130614455022,
    3.9045763934232207,
    0.4561414044553497,
    0.4919633434093475
  ]
}