{
  "mean": [
    16.88257946464916,
    4.876507954761386,
    316152.9307916667,
    1.748204849352191,
    3.506286335172504,
    7716.229258333334,
    2302.291675,
    11.723495739044935,
    0.011943262101327127,
    1.0833333333333333,
    97.05378871168494,
    1.0833333333333333,
    13.80990333375195,
    3.92800682673653,
    7.812829208941439,
    98.532380665165,
    3.2001974619428317,
    2.75025,
    1.75,
    1.0
  ],
  "scale": [
    11.851831391061458,
    1.5219428656269964,
    223688.98225391746,
    1.2504734163094429,
    14.173278920449672,
    6414.3353661810215,
    1707.3028909391055,
    1.5219437359261434,
    0.01107962914451361,
    0.7168604389202189,
    66.62529025191249,
    0.7168604389202189,
    19.926688961539256,
    2.476384429800599,
    24.006366975579972,
    88.6314050027458,
    2.1443483451467062,
    2.1434357009639142,
    1.25,
    0.5
  ],
  "feature_names": [
    "cpu_frame_time_ms",
    "gpu_frame_time_ms",
    "triangle_count",
    "camera_velocity",
    "camera_angular_velocity",
    "visible_renderer_count",
    "draw_call_estimate",
    "frame_headroom_ms",
    "screen_coverage",
    "lod_bias_current",
    "fps",
    "previous_bias",
    "cam_pos_x",
    "cam_pos_y",
    "cam_pos_z",
    "cam_rot_y",
    "path_progress",
    "waypoint_index",
    "move_speed",
    "rotate_speed"
  ],
  "bias_min": 0.25,
  "bias_max": 2.0
}