{
  "mean": [
    17.236344322482744,
    4.397493781411648,
    332282.4397,
    1.748308652406931,
    3.5127006494700908,
    7904.246483333333,
    2388.281466666667,
    -0.5696776516178313,
    0.011962161683615219,
    1.0833333333333333,
    65.93369566510519,
    1.0833333333333333,
    15.900362616746966,
    3.944417531742652,
    5.95651316775782,
    106.64811897724867,
    2.1363132155102367,
    2.6931,
    1.75,
    1.0
  ],
  "scale": [
    4.2510750122855026,
    0.5107840313197152,
    240613.22951353423,
    1.250376699805574,
    14.817560455986944,
    6564.498995421964,
    1802.2310967362598,
    4.251075008616426,
    0.010816966258654819,
    0.716860438920219,
    18.012586537244548,
    0.716860438920219,
    17.388295315248925,
    2.4378889710088747,
    24.010136128389085,
    91.22719959416683,
    1.8820146168069647,
    1.8674347083633205,
    1.25,
    0.5
  ],
  "feature_names": [
    "cpu_frame_time_ms",
    "gpu_frame_time_ms",
    "triangle_count",
    "camera_velocity",
    "camera_angular_velocity",
    "visible_renderer_count",
    "draw_call_estimate",
    "frame_headroom_ms",
    "screen_coverage",
    "lod_bias_current",
    "fps",
    "previous_bias",
    "cam_pos_x",
    "cam_pos_y",
    "cam_pos_z",
    "cam_rot_y",
    "path_progress",
    "waypoint_index",
    "move_speed",
    "rotate_speed"
  ],
  "bias_min": 0.25,
  "bias_max": 2.0
}