{
  "feature_names": [
    "pos_x",
    "pos_y",
    "pos_z",
    "sin_pitch",
    "cos_pitch",
    "sin_yaw",
    "cos_yaw",
    "sin_roll",
    "cos_roll",
    "triangle_count",
    "visible_renderer_count",
    "screen_coverage",
    "draw_call_count"
  ],
  "mean": [
    -1.5000016000000014,
    4.581659302222222,
    2.199999266666666,
    0.0,
    0.9772838841927121,
    3.947459643111668e-18,
    -7.072531860575072e-17,
    0.0,
    1.0,
    1060067.0406481482,
    3728.6736111111113,
    0.006528017314814815,
    3726.6035185185187
  ],
  "scale": [
    28.803290393312604,
    2.2188706548358086,
    28.803293170772836,
    0.21132486540518708,
    0.01606271952955212,
    0.7071067811865476,
    0.7071067811865476,
    1.0,
    1.0,
    883358.330504407,
    3486.0940068346995,
    0.026859693734964458,
    3135.9701327864013
  ]
}