{
  "mean": [
    38.953624413071495,
    1990387.1175895485,
    358903.3126047061,
    3.0890214128506956,
    3.4722158233426796,
    9479.071400018864,
    2708.260294322403,
    -22.2869577418168,
    0.009082858419481185,
    1.0396709814190175,
    58.116717498218144,
    1.0396709814190175,
    7.999469782441681,
    4.601564740588865,
    3.149397085739219,
    107.06777764442995,
    4.665358477088196,
    4.261992077144538,
    3.1106347716340217,
    0.7747690290010645
  ],
  "scale": [
    30.007636372746624,
    1878339314.895917,
    243837.17788551532,
    2.807652780656282,
    14.37915453153197,
    7900.33680310505,
    1976.7437975270068,
    30.007636370883944,
    0.010434927312913227,
    0.7203271986578506,
    61.500963675188444,
    0.7203271986578506,
    24.299239995518843,
    2.4241240758825136,
    28.302387951630116,
    113.71033319989388,
    3.6658070738593707,
    3.6088609947266193,
    2.814611952851385,
    0.6067901102952142
  ],
  "feature_names": [
    "cpu_frame_time_ms",
    "gpu_frame_time_ms",
    "triangle_count",
    "camera_velocity",
    "camera_angular_velocity",
    "visible_renderer_count",
    "draw_call_estimate",
    "frame_headroom_ms",
    "screen_coverage",
    "lod_bias_current",
    "fps",
    "previous_bias",
    "cam_pos_x",
    "cam_pos_y",
    "cam_pos_z",
    "cam_rot_y",
    "path_progress",
    "waypoint_index",
    "move_speed",
    "rotate_speed"
  ],
  "bias_min": 0.25,
  "bias_max": 2.0
}