{
  "feature_names": [
    "pos_x",
    "pos_y",
    "pos_z",
    "sin_pitch",
    "cos_pitch",
    "sin_yaw",
    "cos_yaw",
    "sin_roll",
    "cos_roll",
    "triangle_count",
    "visible_renderer_count",
    "screen_coverage",
    "draw_call_count"
  ],
  "mean": [
    -1.5000015258789063,
    4.581659308274587,
    2.1999992529551187,
    0.0,
    0.9772838751475016,
    0.0,
    -2.6316397620744452e-17,
    0.0,
    1.0,
    1075314.019814815,
    0.0,
    0.9150685766299065,
    3781.150277777778
  ],
  "scale": [
    28.803290467415678,
    2.2188706705455266,
    28.803293116208206,
    0.21132486420804086,
    0.01606272592548186,
    0.707106775135739,
    0.707106775135739,
    1.0,
    1.0,
    895599.5142220587,
    1.0,
    0.23364324953032017,
    3164.1290880204824
  ]
}