{
  "feature_names": [
    "pos_x",
    "pos_y",
    "pos_z",
    "sin_pitch",
    "cos_pitch",
    "sin_yaw",
    "cos_yaw",
    "sin_roll",
    "cos_roll",
    "triangle_count",
    "visible_renderer_count",
    "screen_coverage",
    "draw_call_count"
  ],
  "mean": [
    -1.5000015258789063,
    4.581659308274587,
    2.1999992529551187,
    0.0,
    0.9772838751475016,
    0.0,
    -2.6316397620744452e-17,
    0.0,
    1.0,
    1060067.0406481482,
    3728.6736111111113,
    0.006528017321923775,
    3726.6035185185187
  ],
  "scale": [
    28.803290467415678,
    2.2188706705455266,
    28.803293116208206,
    0.21132486420804086,
    0.01606272592548186,
    0.707106775135739,
    0.707106775135739,
    1.0,
    1.0,
    883358.330504407,
    3486.0940068346995,
    0.02685969385588214,
    3135.9701327864013
  ]
}