{
  "feature_names": [
    "cpu_frame_time",
    "gpu_frame_time",
    "fps",
    "visible_renderer_count",
    "triangle_count",
    "draw_call_count",
    "camera_speed",
    "camera_rotation_speed",
    "avg_screen_coverage",
    "previous_bias",
    "recent_lod_switch_count"
  ],
  "mean": [
    16.98940146988025,
    5.642966337756661,
    62.03917478991207,
    11051.593017578125,
    662987.9962158203,
    4526.9095458984375,
    3.5488125609254393,
    67.69100774005346,
    0.006968271871301113,
    1.9026184115355136,
    1.1839599609375
  ],
  "scale": [
    26.906013693595533,
    1.051057080143618,
    13.274624588309122,
    6952.199864499533,
    296049.1299871947,
    2376.9730452630133,
    2.9429363525959173,
    113.16931833395385,
    0.007183704773298994,
    0.2387332653462964,
    1.428802336078848
  ]
}