{
  "feature_names": [
    "cpu_frame_time",
    "gpu_frame_time",
    "fps",
    "visible_renderer_count",
    "triangle_count",
    "draw_call_count",
    "camera_speed",
    "camera_rotation_speed",
    "avg_screen_coverage",
    "previous_bias",
    "recent_lod_switch_count",
    "floor_dwell_score",
    "ceiling_dwell_score"
  ],
  "mean": [
    20.936115027608125,
    6.021025707933414,
    63.16391810285449,
    9425.861346018322,
    457299.1809372798,
    3182.7003171247356,
    2.7750997868538168,
    41.95308292163057,
    0.029653835445286006,
    1.2222692046663641,
    3.143587033121917,
    0.2229955557752933,
    0.3339853513305703
  ],
  "scale": [
    7.202906675127684,
    1.2236852455586045,
    38.19741249941587,
    6777.386179441028,
    230752.28647898516,
    1924.0207494917724,
    3.5281689866881516,
    128.90819607034484,
    0.08552616942997815,
    0.6565359806498304,
    2.209674120661638,
    0.3873363470094616,
    0.4559946235323709
  ],
  "t_target_ms": 6.466599941253662,
  "action_head_scale": 0.3,
  "max_action_delta": 0.3,
  "pg_coef": 1.1,
  "bc_coef_start": 0.3,
  "bc_coef_end": 0.1,
  "gpu_target_ms_base": 6.466599941253662,
  "gpu_target_ms_min": 4.0,
  "gpu_target_ms_max": 6.5,
  "scene_complexity_scale": 0.8,
  "scene_complexity_normalization": 50.0,
  "mode_headroom_margin_ms": 0.5,
  "mode_headroom_fps_floor": 48,
  "mode_budget_fps_floor": 45,
  "exploration_upward_weight": 0.4,
  "recovery_downward_weight": 0.6,
  "thrash_penalty_weight": 0.1,
  "nominal_action_regularization": 0.08,
  "exploration_action_regularization": 0.05,
  "recovery_action_regularization": 0.1,
  "target_source": "json_training",
  "training_target_source": "reward_target_ms_median",
  "collection_mode": "active_rl",
  "dead_zone": 0.02,
  "dwell_frames": 5,
  "bias_min": 0.3,
  "bias_max": 2.0,
  "inference_interval": 2,
  "coverage_sample_interval": 2,
  "lod_switch_window": 30,
  "floor_margin": 0.18,
  "ceiling_margin": 0.18,
  "dwell_accumulation_rate": 0.3,
  "dwell_decay": 0.92,
  "recovery_eligible_bias": 0.85,
  "correction_eligible_bias": 1.45,
  "recovery_growth_threshold": 0.02,
  "recovery_trigger_frames": 5,
  "recovery_force_multiplier": 1.35,
  "recovery_force_max": 4.0,
  "recovery_boost_base": 0.02,
  "recovery_budget_reset_margin": 0.1,
  "scene_target_warmup_frames": 64
}
