{
  "feature_names": [
    "cpu_frame_time",
    "gpu_frame_time",
    "fps",
    "visible_renderer_count",
    "triangle_count",
    "draw_call_count",
    "camera_speed",
    "camera_rotation_speed",
    "avg_screen_coverage",
    "previous_bias",
    "recent_lod_switch_count",
    "floor_dwell_score",
    "ceiling_dwell_score"
  ],
  "mean": [
    21.945734814525363,
    6.206158057246721,
    53.971886231813656,
    8211.034334763948,
    431937.5116717262,
    2931.2494504344186,
    2.5738924104664003,
    37.749413806886984,
    0.03513714516982442,
    1.0767694668165617,
    3.347639484978541,
    0.30554877026727045,
    0.24716146753385942
  ],
  "scale": [
    8.000131512420902,
    1.1961353653612852,
    32.87943470574449,
    6434.3554876357675,
    216583.16526486762,
    1776.5818922834635,
    3.213022255071188,
    112.4819486485339,
    0.09451380950748058,
    0.6563896660140555,
    2.026116751676798,
    0.4279052055739089,
    0.42028000531705617
  ],
  "t_target_ms": 5.5,
  "action_head_scale": 0.2,
  "max_action_delta": 0.2,
  "pg_coef": 1.1,
  "bc_coef_start": 0.3,
  "bc_coef_end": 0.15,
  "gpu_target_ms_base": 5.5,
  "gpu_target_ms_min": 4.0,
  "gpu_target_ms_max": 6.5,
  "scene_complexity_scale": 0.8,
  "scene_complexity_normalization": 50.0,
  "mode_headroom_margin_ms": 0.5,
  "mode_headroom_fps_floor": 48,
  "mode_budget_fps_floor": 45,
  "exploration_upward_weight": 0.4,
  "recovery_downward_weight": 0.6,
  "thrash_penalty_weight": 0.1,
  "nominal_action_regularization": 0.08,
  "exploration_action_regularization": 0.05,
  "recovery_action_regularization": 0.1,
  "target_source": "json_training",
  "training_target_source": "reward_target_ms_median",
  "collection_mode": "active_rl",
  "dead_zone": 0.02,
  "dwell_frames": 5,
  "bias_min": 0.3,
  "bias_max": 2.0,
  "inference_interval": 2,
  "coverage_sample_interval": 2,
  "lod_switch_window": 30,
  "floor_margin": 0.18,
  "ceiling_margin": 0.18,
  "dwell_accumulation_rate": 0.3,
  "dwell_decay": 0.92,
  "recovery_eligible_bias": 0.85,
  "correction_eligible_bias": 1.45,
  "recovery_growth_threshold": 0.02,
  "recovery_trigger_frames": 5,
  "recovery_force_multiplier": 1.35,
  "recovery_force_max": 4.0,
  "recovery_boost_base": 0.02,
  "recovery_budget_reset_margin": 0.1,
  "scene_target_warmup_frames": 64
}
