{
  "feature_names": [
    "cpu_frame_time",
    "gpu_frame_time",
    "fps",
    "visible_renderer_count",
    "triangle_count",
    "draw_call_count",
    "camera_speed",
    "camera_rotation_speed",
    "avg_screen_coverage",
    "previous_bias",
    "recent_lod_switch_count",
    "floor_dwell_score",
    "ceiling_dwell_score"
  ],
  "mean": [
    16.9799333182675,
    5.7562194601255765,
    71.73506970875648,
    9615.379235391894,
    439017.27362229896,
    3062.9529471934534,
    1.6288031961349423,
    18.31016022738952,
    0.05768838043301667,
    1.1270579458990146,
    1.062779695691088,
    0.07923909987759353,
    0.065407812313889
  ],
  "scale": [
    6.241225699280491,
    1.3113996035383155,
    21.29128966140727,
    7436.162075261837,
    207169.64039048686,
    1854.6736663022969,
    3.005688591030287,
    58.75654342906109,
    0.15919788893991574,
    0.43826524369996767,
    0.45204435104258267,
    0.25967607139907767,
    0.24227043113559063
  ],
  "t_target_ms": 5.0,
  "action_head_scale": 0.2,
  "max_action_delta": 0.2,
  "pg_coef": 1.1,
  "bc_coef_start": 0.3,
  "bc_coef_end": 0.15,
  "gpu_target_ms_base": 5.0,
  "gpu_target_ms_min": 4.0,
  "gpu_target_ms_max": 6.5,
  "scene_complexity_scale": 0.8,
  "scene_complexity_normalization": 50.0,
  "mode_headroom_margin_ms": 0.5,
  "mode_headroom_fps_floor": 48,
  "mode_budget_fps_floor": 45,
  "exploration_upward_weight": 0.4,
  "recovery_downward_weight": 0.6,
  "thrash_penalty_weight": 0.1,
  "nominal_action_regularization": 0.08,
  "exploration_action_regularization": 0.05,
  "recovery_action_regularization": 0.1,
  "target_source": "json_training",
  "training_target_source": "reward_target_ms_median",
  "collection_mode": "active_rl",
  "dead_zone": 0.02,
  "dwell_frames": 5,
  "bias_min": 0.3,
  "bias_max": 2.0,
  "inference_interval": 2,
  "coverage_sample_interval": 2,
  "lod_switch_window": 30,
  "floor_margin": 0.18,
  "ceiling_margin": 0.18,
  "dwell_accumulation_rate": 0.3,
  "dwell_decay": 0.92,
  "recovery_eligible_bias": 0.85,
  "correction_eligible_bias": 1.45,
  "recovery_growth_threshold": 0.02,
  "recovery_trigger_frames": 5,
  "recovery_force_multiplier": 1.35,
  "recovery_force_max": 4.0,
  "recovery_boost_base": 0.02,
  "recovery_budget_reset_margin": 0.1,
  "scene_target_warmup_frames": 64,
  "dwell_seconds": 0.5,
  "ema_alpha": 0.2
}
