run_label,episode,total_frames,episode_return,mean_gpu_ms,mean_fps,mean_lod_bias,action_mean,action_variance,switch_count_total
neural_rl,0,1024,1.572864,8.6380,77.29,1.2487,0.000146,0.000276,113
neural_rl,1,75,0.191488,6.7345,60.27,1.1787,-0.004667,0.000278,9
neural_rl,2,1024,-1.534975,7.9192,74.27,0.4998,0.000293,0.000225,92
neural_rl,3,144,-0.256000,6.6511,76.49,1.6333,0.002778,0.000305,18
neural_rl,4,1024,6.862208,6.1639,58.04,0.4806,-0.000684,0.000273,112
neural_rl,5,49,1.175552,5.7926,55.38,0.3163,0.000000,0.000204,4
neural_rl,6,265,-0.752640,6.2267,60.33,0.5502,-0.002264,0.000259,28
