run_label,episode,total_frames,episode_return,mean_gpu_ms,mean_fps,mean_lod_bias,action_mean,action_variance,switch_count_total
neural_rl,0,1015,-1.425408,6.4463,58.93,0.3598,-0.000788,0.000551,224
neural_rl,1,1024,16.190460,6.3333,61.03,0.4232,-0.000195,0.000596,244
neural_rl,2,76,-0.061440,6.2951,61.70,0.3250,0.005263,0.000499,16
neural_rl,3,1024,0.455680,6.0983,59.76,0.4029,-0.000684,0.000542,222
neural_rl,4,81,0.115712,6.9045,53.30,0.3204,0.000000,0.000617,20
neural_rl,5,538,0.263168,6.2709,56.49,0.4429,-0.001859,0.000610,132
