run_label,episode,total_frames,episode_return,mean_gpu_ms,mean_fps,mean_lod_bias,action_mean,action_variance,switch_count_total
neural_rl,0,991,42.171520,5.7131,60.22,0.5777,-0.000252,0.000305,121
neural_rl,1,1024,0.434176,6.1910,58.48,0.4512,-0.000635,0.000290,119
neural_rl,2,33,1.216064,5.3137,115.90,0.4530,0.006061,0.000266,4
neural_rl,3,1024,-0.729088,5.8667,70.55,0.9820,-0.000684,0.000302,124
neural_rl,4,42,-0.029696,6.6241,63.89,0.3202,0.001190,0.000296,5
neural_rl,5,1024,0.539648,6.0266,59.01,0.6967,-0.000684,0.000302,124
neural_rl,6,26,0.017408,6.3545,66.67,0.3750,0.005769,0.000255,3
neural_rl,7,803,0.098304,6.2759,55.97,0.4430,-0.000809,0.000289,93
