{
  "best_params": {
    "lr": 0.0017627259832360123,
    "weight_decay": 5.874746546791603e-05,
    "batch_size": 128,
    "h1": 128,
    "h2": 128,
    "h3": 64,
    "dropout": 0.24434095856587018,
    "huber_delta": 0.05021459362459915
  },
  "best_val_loss": 0.004662004299461842,
  "n_trials": 30
}